accession,retrieved_at_utc,search_term
QB031755.1,2026-09-22T01:06:18.392763+00:00,"(""Severe acute respiratory syndrome coronavirus 2""[Organism]) AND complete genome[title]"
QB031752.1,2026-09-22T01:06:18.392763+00:00,"(""Severe acute respiratory syndrome coronavirus 2""[Organism]) AND complete genome[title]"
QB031733.1,2026-09-22T01:06:18.392763+00:00,"(""Severe acute respiratory syndrome coronavirus 2""[Organism]) AND complete genome[title]"
QB031732.1,2026-09-22T01:06:18.392763+00:00,"(""Severe acute respiratory syndrome coronavirus 2""[Organism]) AND complete genome[title]"
QB031004.1,2026-09-22T01:06:18.392763+00:00,"(""Severe acute respiratory syndrome coronavirus 2""[Organism]) AND complete genome[title]"
QB031003.1,2026-09-22T01:06:18.392763+00:00,"(""Severe acute respiratory syndrome coronavirus 2""[Organism]) AND complete genome[title]"
QB031002.1,2026-09-22T01:06:18.392763+00:00,"(""Severe acute respiratory syndrome coronavirus 2""[Organism]) AND complete genome[title]"
QB023011.1,2026-09-22T01:06:18.392763+00:00,"(""Severe acute respiratory syndrome coronavirus 2""[Organism]) AND complete genome[title]"
OZ559356.1,2026-09-22T01:06:18.392763+00:00,"(""Severe acute respiratory syndrome coronavirus 2""[Organism]) AND complete genome[title]"
OZ559355.1,2026-09-22T01:06:18.392763+00:00,"(""Severe acute respiratory syndrome coronavirus 2""[Organism]) AND complete genome[title]"
OZ559354.1,2026-09-22T01:06:18.392763+00:00,"(""Severe acute respiratory syndrome coronavirus 2""[Organism]) AND complete genome[title]"
OZ559353.1,2026-09-22T01:06:18.392763+00:00,"(""Severe acute respiratory syndrome coronavirus 2""[Organism]) AND complete genome[title]"
OZ559352.1,2026-09-22T01:06:18.392763+00:00,"(""Severe acute respiratory syndrome coronavirus 2""[Organism]) AND complete genome[title]"
OZ559351.1,2026-09-22T01:06:18.392763+00:00,"(""Severe acute respiratory syndrome coronavirus 2""[Organism]) AND complete genome[title]"
OZ559350.1,2026-09-22T01:06:18.392763+00:00,"(""Severe acute respiratory syndrome coronavirus 2""[Organism]) AND complete genome[title]"
OZ559349.1,2026-09-22T01:06:18.392763+00:00,"(""Severe acute respiratory syndrome coronavirus 2""[Organism]) AND complete genome[title]"
QB022363.1,2026-09-22T01:06:18.392763+00:00,"(""Severe acute respiratory syndrome coronavirus 2""[Organism]) AND complete genome[title]"
QB022362.1,2026-09-22T01:06:18.392763+00:00,"(""Severe acute respiratory syndrome coronavirus 2""[Organism]) AND complete genome[title]"
QB022361.1,2026-09-22T01:06:18.392763+00:00,"(""Severe acute respiratory syndrome coronavirus 2""[Organism]) AND complete genome[title]"
QB022360.1,2026-09-22T01:06:18.392763+00:00,"(""Severe acute respiratory syndrome coronavirus 2""[Organism]) AND complete genome[title]"
QB022359.1,2026-09-22T01:06:18.392763+00:00,"(""Severe acute respiratory syndrome coronavirus 2""[Organism]) AND complete genome[title]"
QB022358.1,2026-09-22T01:06:18.392763+00:00,"(""Severe acute respiratory syndrome coronavirus 2""[Organism]) AND complete genome[title]"
QB022357.1,2026-09-22T01:06:18.392763+00:00,"(""Severe acute respiratory syndrome coronavirus 2""[Organism]) AND complete genome[title]"
QB022356.1,2026-09-22T01:06:18.392763+00:00,"(""Severe acute respiratory syndrome coronavirus 2""[Organism]) AND complete genome[title]"
QB022355.1,2026-09-22T01:06:18.392763+00:00,"(""Severe acute respiratory syndrome coronavirus 2""[Organism]) AND complete genome[title]"
QB020727.1,2026-09-22T01:06:18.392763+00:00,"(""Severe acute respiratory syndrome coronavirus 2""[Organism]) AND complete genome[title]"
OZ558264.1,2026-09-22T01:06:18.392763+00:00,"(""Severe acute respiratory syndrome coronavirus 2""[Organism]) AND complete genome[title]"
OZ558263.1,2026-09-22T01:06:18.392763+00:00,"(""Severe acute respiratory syndrome coronavirus 2""[Organism]) AND complete genome[title]"
OZ558262.1,2026-09-22T01:06:18.392763+00:00,"(""Severe acute respiratory syndrome coronavirus 2""[Organism]) AND complete genome[title]"
OZ558261.1,2026-09-22T01:06:18.392763+00:00,"(""Severe acute respiratory syndrome coronavirus 2""[Organism]) AND complete genome[title]"
OZ558260.1,2026-09-22T01:06:18.392763+00:00,"(""Severe acute respiratory syndrome coronavirus 2""[Organism]) AND complete genome[title]"
OZ558259.1,2026-09-22T01:06:18.392763+00:00,"(""Severe acute respiratory syndrome coronavirus 2""[Organism]) AND complete genome[title]"
OZ558258.1,2026-09-22T01:06:18.392763+00:00,"(""Severe acute respiratory syndrome coronavirus 2""[Organism]) AND complete genome[title]"
OZ558257.1,2026-09-22T01:06:18.392763+00:00,"(""Severe acute respiratory syndrome coronavirus 2""[Organism]) AND complete genome[title]"
OZ558256.1,2026-09-22T01:06:18.392763+00:00,"(""Severe acute respiratory syndrome coronavirus 2""[Organism]) AND complete genome[title]"
OZ558255.1,2026-09-22T01:06:18.392763+00:00,"(""Severe acute respiratory syndrome coronavirus 2""[Organism]) AND complete genome[title]"
OZ558254.1,2026-09-22T01:06:18.392763+00:00,"(""Severe acute respiratory syndrome coronavirus 2""[Organism]) AND complete genome[title]"
OZ558253.1,2026-09-22T01:06:18.392763+00:00,"(""Severe acute respiratory syndrome coronavirus 2""[Organism]) AND complete genome[title]"
OZ558252.1,2026-09-22T01:06:18.392763+00:00,"(""Severe acute respiratory syndrome coronavirus 2""[Organism]) AND complete genome[title]"
OZ558251.1,2026-09-22T01:06:18.392763+00:00,"(""Severe acute respiratory syndrome coronavirus 2""[Organism]) AND complete genome[title]"
OZ558250.1,2026-09-22T01:06:18.392763+00:00,"(""Severe acute respiratory syndrome coronavirus 2""[Organism]) AND complete genome[title]"
OZ558249.1,2026-09-22T01:06:18.392763+00:00,"(""Severe acute respiratory syndrome coronavirus 2""[Organism]) AND complete genome[title]"
OZ558248.1,2026-09-22T01:06:18.392763+00:00,"(""Severe acute respiratory syndrome coronavirus 2""[Organism]) AND complete genome[title]"
OZ558247.1,2026-09-22T01:06:18.392763+00:00,"(""Severe acute respiratory syndrome coronavirus 2""[Organism]) AND complete genome[title]"
OZ558246.1,2026-09-22T01:06:18.392763+00:00,"(""Severe acute respiratory syndrome coronavirus 2""[Organism]) AND complete genome[title]"
OZ558245.1,2026-09-22T01:06:18.392763+00:00,"(""Severe acute respiratory syndrome coronavirus 2""[Organism]) AND complete genome[title]"
OZ558244.1,2026-09-22T01:06:18.392763+00:00,"(""Severe acute respiratory syndrome coronavirus 2""[Organism]) AND complete genome[title]"
OZ558243.1,2026-09-22T01:06:18.392763+00:00,"(""Severe acute respiratory syndrome coronavirus 2""[Organism]) AND complete genome[title]"
OZ558242.1,2026-09-22T01:06:18.392763+00:00,"(""Severe acute respiratory syndrome coronavirus 2""[Organism]) AND complete genome[title]"
OZ558241.1,2026-09-22T01:06:18.392763+00:00,"(""Severe acute respiratory syndrome coronavirus 2""[Organism]) AND complete genome[title]"
